takeoff_name,takeoff_lat,takeoff_lon,telegram_group_name,telegram_group_link,exclude,notes,site_guide
Aberfoyle,56.18777,-4.40283,South Scotland & Grampian,https://t.me/joinchat/WLIel5HDs6ViOThk,,,
Abernant,51.76015,-3.89551,South Wales,https://t.me/joinchat/ksosguoLjyI0ZGFk,,,
Abernethy,56.32487,-3.32118,South Scotland & Grampian,https://t.me/joinchat/WLIel5HDs6ViOThk,,,
Abington,55.50938,-3.67677,Borders,https://t.me/joinchat/gQNkjnuA51IwOTg0,,,
Achnasheen,57.543075,-5.13001,Highlands,https://t.me/joinchat/gx0JDL-JdONiMGZk,,,
Afton,50.67099,-1.47991,Isle of Wight,https://t.me/joinchat/tSmGEGKwsGpkMTg0,,,https://flywight.extremelynice.net/wp/wp-content/uploads/2017/03/iowhgpc-sites-guide_2019_03.pdf
Airways,52.972635,-1.749035,Central,https://t.me/joinchat/5iHr6hnc-gI4MDg0,TRUE,Tow site,
Alcock Tarn,54.46255,-3.00033,Lakes,https://t.me/joinchat/nexjPNs95rY4Yzk8,,,
Alva,56.161185,-3.8059,South Scotland & Grampian,https://t.me/joinchat/WLIel5HDs6ViOThk,,,
Alvie,57.160375,-3.92057,Highlands,https://t.me/joinchat/gx0JDL-JdONiMGZk,,,
An Liathanach,57.56736,-5.099635,Highlands,https://t.me/joinchat/gx0JDL-JdONiMGZk,,,
An Soutar,57.36645,-4.89483,Highlands,https://t.me/joinchat/gx0JDL-JdONiMGZk,,,
An Teallach,57.79052,-5.2443,Highlands,https://t.me/joinchat/gx0JDL-JdONiMGZk,,,
Aonach Mor,56.842215,-4.97029,South Scotland & Grampian,https://t.me/joinchat/WLIel5HDs6ViOThk,,,
Arenig Fawr,52.91723,-3.7519,North Wales,https://t.me/joinchat/tP6m0r9gNJJmOTM8,,,https://www.snowdoniaskysports.co.uk/cms/node/19
Arreton,50.681125,-1.2274,Isle of Wight,https://t.me/joinchat/tSmGEGKwsGpkMTg0,,,
Dragons Tail (Y Crib),51.972375,-3.1702,South Wales,https://t.me/joinchat/ksosguoLjyI0ZGFk,,,
Gordies Pike,54.516775,-3.22876,Lakes,https://t.me/joinchat/nexjPNs95rY4Yzk8,,,
Gummers How,54.28817,-2.93962,Lakes,https://t.me/joinchat/nexjPNs95rY4Yzk8,,,
Lord Herefords Kno,52.00996,-3.12255,South Wales,https://t.me/joinchat/ksosguoLjyI0ZGFk,,,
Meall Amhadaidh,56.395415,-4.2764,South Scotland & Grampian,https://t.me/joinchat/WLIel5HDs6ViOThk,,,
Suidh A Mhinn,57.63479,-6.35319,Highlands,https://t.me/joinchat/gx0JDL-JdONiMGZk,,,
Tap Onoth,57.3503,-2.85748,South Scotland & Grampian,https://t.me/joinchat/WLIel5HDs6ViOThk,,,
Bache,52.2653,-3.142735,Mid Wales & Mynd,https://t.me/joinchat/RuC0kVJ1ygY2OTY8,TRUE,Site guide lists as closed,https://paraglidingwales.co.uk/bache-hill/
Backbarrow,54.44115,-3.343665,Lakes,https://t.me/joinchat/nexjPNs95rY4Yzk8,,,
Balladen,53.68761,-2.27285,Pennines & Dales,https://t.me/joinchat/NcCY7NcPJ3lkMTZk,,,http://www.penninesoaringclub.org.uk/sites/balladen/
Ballard Down,50.63087,-1.94635,West,https://t.me/joinchat/xxEzm4aeX6dhNTJk,,,http://www.wessexhgpg.org.uk/Sites/Siteguide/FullSiteGuide.pdf
Balquhidder,56.36606,-4.34925,South Scotland & Grampian,https://t.me/joinchat/WLIel5HDs6ViOThk,,,
Balquhider,56.358235,-4.42514,South Scotland & Grampian,https://t.me/joinchat/WLIel5HDs6ViOThk,,,
Bank Hill,56.17283,-3.686185,Borders,https://t.me/joinchat/gQNkjnuA51IwOTg0,,,
Barf,54.62967,-3.2179,Lakes,https://t.me/joinchat/nexjPNs95rY4Yzk8,,,
Barkin,54.276305,-2.498085,Pennines & Dales,https://t.me/joinchat/NcCY7NcPJ3lkMTZk,,,http://www.cumbriasoaringclub.co.uk/SiteManagement/CSC_Specific_Site.php?site=BKF
Barton Fell,54.58517,-2.82593,Lakes,https://t.me/joinchat/nexjPNs95rY4Yzk8,,,http://www.cumbriasoaringclub.co.uk/SiteManagement/CSC_Specific_Site.php?site=BRF
Barton On Sea,50.73524,-1.65853,West,https://t.me/joinchat/xxEzm4aeX6dhNTJk,,,http://www.wessexhgpg.org.uk/Sites/Siteguide/FullSiteGuide.pdf
Batcombe,50.84403,-2.51013,West,https://t.me/joinchat/xxEzm4aeX6dhNTJk,,,
Beardown,50.57238,-3.96795,South West,https://t.me/joinchat/yg6UPwjHlFNhOGVk,,,
Beeftub,55.40067,-3.49012,Borders,https://t.me/joinchat/gQNkjnuA51IwOTg0,,,
Beer Head,50.68713,-3.10112,South West,https://t.me/joinchat/yg6UPwjHlFNhOGVk,,,
Beinn A'chait,56.84425,-3.862515,Highlands,https://t.me/joinchat/gx0JDL-JdONiMGZk,,,
Beinn A Chaorainn,56.918,-4.65657,South Scotland & Grampian,https://t.me/joinchat/WLIel5HDs6ViOThk,,,
Beinn A Muice,57.41789,-4.951625,Highlands,https://t.me/joinchat/gx0JDL-JdONiMGZk,,,
Beinn Dorain,56.51697,-4.72987,South Scotland & Grampian,https://t.me/joinchat/WLIel5HDs6ViOThk,,,
Beinn Eighe,57.58387,-5.38462,Highlands,https://t.me/joinchat/gx0JDL-JdONiMGZk,,,
Beinn Leabhainn,56.42644,-4.32405,South Scotland & Grampian,https://t.me/joinchat/WLIel5HDs6ViOThk,,,
Beinn Lutharn Bheag,56.89547,-3.53437,Highlands,https://t.me/joinchat/gx0JDL-JdONiMGZk,,,
Beinn Na Feusaige,57.53746,-5.18294,Highlands,https://t.me/joinchat/gx0JDL-JdONiMGZk,,,
Beinn Narnain,56.218045,-4.78079,South Scotland & Grampian,https://t.me/joinchat/WLIel5HDs6ViOThk,,,
Bell Hill,50.8761,-2.28855,West,https://t.me/joinchat/xxEzm4aeX6dhNTJk,,,http://www.wessexhgpg.org.uk/Sites/SiteGuide/BellHill.pdf
Belstone,50.69908,-3.96592,South West,https://t.me/joinchat/yg6UPwjHlFNhOGVk,,,https://sdhgpc.org.uk/sites/belstone
Ben Gulabin,56.8306,-3.4723,Highlands,https://t.me/joinchat/gx0JDL-JdONiMGZk,,,
Ben Hiel,58.416055,-4.398025,Highlands,https://t.me/joinchat/gx0JDL-JdONiMGZk,,,
Ben Lawers,56.5277,-4.24297,South Scotland & Grampian,https://t.me/joinchat/WLIel5HDs6ViOThk,,,
Ben Ledi,56.25059,-4.30922,South Scotland & Grampian,https://t.me/joinchat/WLIel5HDs6ViOThk,,,
Ben Luibhean,56.22953,-4.84298,South Scotland & Grampian,https://t.me/joinchat/WLIel5HDs6ViOThk,,,
Ben More,56.385595,-4.542525,South Scotland & Grampian,https://t.me/joinchat/WLIel5HDs6ViOThk,,,
Ben Nevis,56.79638,-5.00398,South Scotland & Grampian,https://t.me/joinchat/WLIel5HDs6ViOThk,,,
Ben Reid,56.860225,-3.118025,South Scotland & Grampian,https://t.me/joinchat/WLIel5HDs6ViOThk,,,
Ben Rinnes,57.403135,-3.239035,South Scotland & Grampian,https://t.me/joinchat/WLIel5HDs6ViOThk,,,
Ben Tirran,56.84645,-3.03435,South Scotland & Grampian,https://t.me/joinchat/WLIel5HDs6ViOThk,,,
Ben Toaig,56.559805,-4.83574,South Scotland & Grampian,https://t.me/joinchat/WLIel5HDs6ViOThk,,,
Ben Uarie,58.12663,-3.81967,Highlands,https://t.me/joinchat/gx0JDL-JdONiMGZk,,,
Ben Vorlich,56.366585,-4.245115,South Scotland & Grampian,https://t.me/joinchat/WLIel5HDs6ViOThk,,,
Ben Wyvis,57.682625,-4.55451,Highlands,https://t.me/joinchat/gx0JDL-JdONiMGZk,,,
Bewaldeth,54.714535,-3.22439,Lakes,https://t.me/joinchat/nexjPNs95rY4Yzk8,,,http://www.cumbriasoaringclub.co.uk/SiteManagement/CSC_Specific_Site.php?site=BWD
Bin Of Cullen,57.66573,-2.87393,South Scotland & Grampian,https://t.me/joinchat/WLIel5HDs6ViOThk,,,
Birks Hill,55.58999,-3.13455,Borders,https://t.me/joinchat/gQNkjnuA51IwOTg0,,,
Bishop,56.21678,-3.31957,South Scotland & Grampian,https://t.me/joinchat/WLIel5HDs6ViOThk,,,
Black Combe,54.26295,-3.35297,Lakes,https://t.me/joinchat/nexjPNs95rY4Yzk8,,,http://www.cumbriasoaringclub.co.uk/SiteManagement/CSC_Specific_Site.php?site=BCE
Black Combe East,54.253165,-3.317135,Lakes,https://t.me/joinchat/nexjPNs95rY4Yzk8,,,
Black Craig,55.22767,-4.35264,South Scotland & Grampian,https://t.me/joinchat/WLIel5HDs6ViOThk,,,
Black Hill,52.00213,-3.05463,South Wales,https://t.me/joinchat/ksosguoLjyI0ZGFk,,,
Black Mount,56.586475,-4.73331,South Scotland & Grampian,https://t.me/joinchat/WLIel5HDs6ViOThk,,,
Blackers Hole,50.59345,-1.9853,West,https://t.me/joinchat/xxEzm4aeX6dhNTJk,,,
Blackmount,56.58578,-4.76467,South Scotland & Grampian,https://t.me/joinchat/WLIel5HDs6ViOThk,,,
Blaenavon (Gb),51.78122,-3.13877,South Wales,https://t.me/joinchat/ksosguoLjyI0ZGFk,,,
Blease Fell,54.62548,-3.07365,Lakes,https://t.me/joinchat/nexjPNs95rY4Yzk8,,,http://www.cumbriasoaringclub.co.uk/SiteManagement/CSC_Specific_Site.php?site=BLF
Blencathra,54.6401,-3.05068,Lakes,https://t.me/joinchat/nexjPNs95rY4Yzk8,,,
Blorenge,51.80443,-3.0512,South Wales,https://t.me/joinchat/ksosguoLjyI0ZGFk,,,
Blua Crags,54.069315,-2.26176,Pennines & Dales,https://t.me/joinchat/NcCY7NcPJ3lkMTZk,TRUE,Active Edge school site,
Bo Peep,50.82066,0.1285,South East,https://t.me/joinchat/GOaWSlE5YAswZjc0,,,https://shgc.org.uk/siteguidepdf
Bodesbeck Law,55.37974,-3.314925,Borders,https://t.me/joinchat/gQNkjnuA51IwOTg0,,,http://www.wingbeat-paragliding.co.uk/index.php/sites/bodesbeck
Bow Scale Tarn,54.67045,-3.0308,Lakes,https://t.me/joinchat/nexjPNs95rY4Yzk8,,,
Bowfell,54.4572,-3.1781,Lakes,https://t.me/joinchat/nexjPNs95rY4Yzk8,,,
Bradwell,53.321,-1.73005,Central,https://t.me/joinchat/5iHr6hnc-gI4MDg0,,,https://derbyshiresoaringclub.org.uk/site-guide/bradwell
Braemore Junction,57.76404,-4.99636,Highlands,https://t.me/joinchat/gx0JDL-JdONiMGZk,,,
Brant Side,54.2758,-2.3437,Pennines & Dales,https://t.me/joinchat/NcCY7NcPJ3lkMTZk,,,
Bratton,51.26413,-2.14507,West,https://t.me/joinchat/xxEzm4aeX6dhNTJk,,,
Bridlington,54.0955,-0.17363,North East,https://t.me/joinchat/1uCqybLRETIyNTRk,,,https://cayleyparagliding.co.uk/paragliding-bridlington/
Brighstone,50.65169,-1.38317,Isle of Wight,https://t.me/joinchat/tSmGEGKwsGpkMTg0,,,https://flywight.extremelynice.net/wp/wp-content/uploads/2017/03/iowhgpc-sites-guide_2019_03.pdf
Brigsteer,54.29617,-2.79064,Pennines & Dales,https://t.me/joinchat/NcCY7NcPJ3lkMTZk,,,http://www.cumbriasoaringclub.co.uk/SiteManagement/CSC_Specific_Site.php?site=BRG
Broadlee Bank,53.37,-1.83582,Central,https://t.me/joinchat/5iHr6hnc-gI4MDg0,,,https://derbyshiresoaringclub.org.uk/site-guide/broadlee-bank/
Broughton Heights,55.66144,-3.40388,Borders,https://t.me/joinchat/gQNkjnuA51IwOTg0,,,
Brownber Hill,54.648575,-2.45711,Lakes,https://t.me/joinchat/nexjPNs95rY4Yzk8,,,
Bruthac Nan Uamh,57.1652,-4.99246,Highlands,https://t.me/joinchat/gx0JDL-JdONiMGZk,,,
Bryn Banog,52.98795,-4.12414,North Wales,https://t.me/joinchat/tP6m0r9gNJJmOTM8,,,
Bryncaws,51.71236,-3.78954,South Wales,https://t.me/joinchat/ksosguoLjyI0ZGFk,,,
Buck Of Cabrach,57.29813,-2.97968,South Scotland & Grampian,https://t.me/joinchat/WLIel5HDs6ViOThk,,,
Bunster,53.06035,-1.791695,Central,https://t.me/joinchat/5iHr6hnc-gI4MDg0,,,https://www.paraguide.uk/guides/Bunster.pdf
Burger Van,56.430315,-4.324195,South Scotland & Grampian,https://t.me/joinchat/WLIel5HDs6ViOThk,,,
Burn Fell,53.97338,-2.49325,Pennines & Dales,https://t.me/joinchat/NcCY7NcPJ3lkMTZk,,,
Burnbank,54.57997,-3.37201,Lakes,https://t.me/joinchat/nexjPNs95rY4Yzk8,,,http://www.cumbriasoaringclub.co.uk/SiteManagement/CSC_Specific_Site.php?site=BNB
Burney,54.26124,-3.13794,Lakes,https://t.me/joinchat/nexjPNs95rY4Yzk8,,,http://www.cumbriasoaringclub.co.uk/SiteManagement/CSC_Specific_Site.php?site=BNF
Butser West,50.97682,-0.98785,South East,https://t.me/joinchat/GOaWSlE5YAswZjc0,,,http://skysurfingclub.co.uk/sites-guide/
Buttermere Moss,54.542225,-3.257675,Lakes,https://t.me/joinchat/nexjPNs95rY4Yzk8,,,http://www.cumbriasoaringclub.co.uk/SiteManagement/CSC_Specific_Site.php?site=BTM
Cacra,55.4435,-3.07375,Borders,https://t.me/joinchat/gQNkjnuA51IwOTg0,,,http://www.wingbeat-paragliding.co.uk/index.php/sites/cacra-bank
Cairn An Righ,56.87479,-3.610235,Highlands,https://t.me/joinchat/gx0JDL-JdONiMGZk,,,
Cairn O Mount,56.914,-2.575745,South Scotland & Grampian,https://t.me/joinchat/WLIel5HDs6ViOThk,,,
Cairn Vaich,57.179775,-3.266205,South Scotland & Grampian,https://t.me/joinchat/WLIel5HDs6ViOThk,,,
Cairngorm,57.11905,-3.64523,Highlands,https://t.me/joinchat/gx0JDL-JdONiMGZk,,,
Cairnwell,56.87667,-3.42092,South Scotland & Grampian,https://t.me/joinchat/WLIel5HDs6ViOThk,,,
Camlo,52.32208,-3.42097,Mid Wales & Mynd,https://t.me/joinchat/RuC0kVJ1ygY2OTY8,,,
Campsie Fells,55.992965,-4.218045,South Scotland & Grampian,https://t.me/joinchat/WLIel5HDs6ViOThk,,,
Captain Cooks,54.48282,-1.09143,North East,https://t.me/joinchat/1uCqybLRETIyNTRk,,,
Cardon Hill,55.57002,-3.48178,Borders,https://t.me/joinchat/gQNkjnuA51IwOTg0,,,
Carlton Bank,54.4155,-1.20225,North East,https://t.me/joinchat/1uCqybLRETIyNTRk,,,
Carn Ban,57.42762,-4.78808,Highlands,https://t.me/joinchat/gx0JDL-JdONiMGZk,,,
Carn Brea,50.221315,-5.2496,South West,https://t.me/joinchat/yg6UPwjHlFNhOGVk,,,
Carn Dubh,57.00037,-4.44227,Highlands,https://t.me/joinchat/gx0JDL-JdONiMGZk,,,
Carn Ghluasaid,57.15604,-5.075125,Highlands,https://t.me/joinchat/gx0JDL-JdONiMGZk,,,
Carn Liath,56.80353,-3.74793,Highlands,https://t.me/joinchat/gx0JDL-JdONiMGZk,,,
Carn Moine,57.0533,-3.27857,South Scotland & Grampian,https://t.me/joinchat/WLIel5HDs6ViOThk,,,
Carn Na Caim,56.9202,-4.183075,Highlands,https://t.me/joinchat/gx0JDL-JdONiMGZk,,,
Carn Nam Feuaich,57.166375,-5.017715,Highlands,https://t.me/joinchat/gx0JDL-JdONiMGZk,,,
Carrock Fell,54.69762,-3.015975,Lakes,https://t.me/joinchat/nexjPNs95rY4Yzk8,,,http://www.cumbriasoaringclub.co.uk/SiteManagement/CSC_Specific_Site.php?site=CRF
Catacol,55.69668,-5.31787,South Scotland & Grampian,https://t.me/joinchat/WLIel5HDs6ViOThk,,,
Catbells,54.57328,-3.16953,Lakes,https://t.me/joinchat/nexjPNs95rY4Yzk8,,,
Cats Tor,53.28013,-2.00997,Central,https://t.me/joinchat/5iHr6hnc-gI4MDg0,,,https://derbyshiresoaringclub.org.uk/site-guide/cats-tor/
Cautley,54.37131,-2.481585,Pennines & Dales,https://t.me/joinchat/NcCY7NcPJ3lkMTZk,,,
Chalton,50.929515,-0.954245,South East,https://t.me/joinchat/GOaWSlE5YAswZjc0,,,
Charmouth,50.733045,-2.89324,South West,https://t.me/joinchat/yg6UPwjHlFNhOGVk,,,
Cherhill,51.42457,-1.93176,West,https://t.me/joinchat/xxEzm4aeX6dhNTJk,,,
Chillerton,50.647735,-1.32695,Isle of Wight,https://t.me/joinchat/tSmGEGKwsGpkMTg0,,,https://flywight.extremelynice.net/wp/wp-content/uploads/2017/03/iowhgpc-sites-guide_2019_03.pdf
Chinkwell Tor,50.588645,-3.797265,South West,https://t.me/joinchat/yg6UPwjHlFNhOGVk,,,https://sdhgpc.org.uk/sites/chinkwell
Chinnor,51.69957,-0.89113,Dunstable,https://t.me/+zpCRlLWf29RmNTRk,,,https://dunstablehpc.com/site-guides/chinnor-site-guide/
Choinneachain Hill,56.42272,-3.91312,South Scotland & Grampian,https://t.me/joinchat/WLIel5HDs6ViOThk,,,
Clatter,52.557375,-3.469925,Mid Wales & Mynd,https://t.me/joinchat/RuC0kVJ1ygY2OTY8,,,
Clough Head,54.5974,-3.04325,Lakes,https://t.me/joinchat/nexjPNs95rY4Yzk8,,,http://www.cumbriasoaringclub.co.uk/SiteManagement/CSC_Specific_Site.php?site=CLH
Cock Up,54.673275,-3.15,Lakes,https://t.me/joinchat/nexjPNs95rY4Yzk8,,,
Cocking Tor,53.1431,-1.48246,Central,https://t.me/joinchat/5iHr6hnc-gI4MDg0,,,https://derbyshiresoaringclub.org.uk/site-guide/cocking-tor/
Codden Hill,51.04903,-4.02324,South West,https://t.me/joinchat/yg6UPwjHlFNhOGVk,,,https://ndhpc.co.uk/sites_guide/codden_hill_guide
Cogden,50.694735,-2.717035,South West,https://t.me/joinchat/yg6UPwjHlFNhOGVk,,,
Coiliochbhar,57.23063,-2.81837,South Scotland & Grampian,https://t.me/joinchat/WLIel5HDs6ViOThk,,,
Coire Nan Cisteachan,56.89856,-4.20522,Highlands,https://t.me/joinchat/gx0JDL-JdONiMGZk,,,
Combe Gibbet,51.35858,-1.480475,West,https://t.me/joinchat/xxEzm4aeX6dhNTJk,,,https://www.tvhgc.co.uk/combe-gibbet
Compton Reds,50.662695,-1.473465,Isle of Wight,https://t.me/joinchat/tSmGEGKwsGpkMTg0,,,https://flywight.extremelynice.net/wp/wp-content/uploads/2017/03/iowhgpc-sites-guide_2019_03.pdf
Coniston Old Man,54.36845,-3.11632,Lakes,https://t.me/joinchat/nexjPNs95rY4Yzk8,,,http://www.cumbriasoaringclub.co.uk/SiteManagement/CSC_Specific_Site.php?site=COM
Coombe,51.35865,-1.47922,West,https://t.me/joinchat/xxEzm4aeX6dhNTJk,,,
Corn Ridge,50.68646,-4.04919,South West,https://t.me/joinchat/yg6UPwjHlFNhOGVk,,,https://sdhgpc.org.uk/sites/corn-ridge
Corndon,52.56568,-3.02,Mid Wales & Mynd,https://t.me/joinchat/RuC0kVJ1ygY2OTY8,,,http://www.longmynd.org/?page_id=272
Corney Fell,54.32188,-3.32382,Lakes,https://t.me/joinchat/nexjPNs95rY4Yzk8,,,http://www.cumbriasoaringclub.co.uk/SiteManagement/CSC_Specific_Site.php?site=CNF
Corton Denham,51.007525,-2.524,West,https://t.me/joinchat/xxEzm4aeX6dhNTJk,,,http://www.wessexhgpg.org.uk/Sites/Siteguide/FullSiteGuide.pdf
Cotterside,54.3376,-2.29659,Pennines & Dales,https://t.me/joinchat/NcCY7NcPJ3lkMTZk,,,
Cow Close Fell,54.15457,-2.17244,Pennines & Dales,https://t.me/joinchat/NcCY7NcPJ3lkMTZk,,,https://www.dhpc.org.uk/site-guide/cow-close-fell
Cowden,53.863075,-0.12186,North East,https://t.me/joinchat/1uCqybLRETIyNTRk,,,
Cowdown,50.797005,-2.51357,South West,https://t.me/joinchat/yg6UPwjHlFNhOGVk,,,http://www.wessexhgpg.org.uk/Sites/Siteguide/FullSiteGuide.pdf
Cowlod,52.26499,-3.23585,Mid Wales & Mynd,https://t.me/joinchat/RuC0kVJ1ygY2OTY8,,,https://paraglidingwales.co.uk/cowlod/
Crag Hill,54.571785,-3.24955,Lakes,https://t.me/joinchat/nexjPNs95rY4Yzk8,,,
Cragdale Moor,54.24274,-2.149665,Pennines & Dales,https://t.me/joinchat/NcCY7NcPJ3lkMTZk,,,
Craig Hulich,56.518175,-3.799075,South Scotland & Grampian,https://t.me/joinchat/WLIel5HDs6ViOThk,,,
Craigellachie,57.189015,-3.85102,Highlands,https://t.me/joinchat/gx0JDL-JdONiMGZk,,,
Craiglich,57.136735,-2.77367,South Scotland & Grampian,https://t.me/joinchat/WLIel5HDs6ViOThk,,,
Creag An Earbaill,57.29197,-5.55068,Highlands,https://t.me/joinchat/gx0JDL-JdONiMGZk,,,
Creag Dhubh,57.10048,-4.10193,Highlands,https://t.me/joinchat/gx0JDL-JdONiMGZk,,,
Creag Ghleannain,57.17835,-3.889825,Highlands,https://t.me/joinchat/gx0JDL-JdONiMGZk,,,
Creag Meagaidh,56.95488,-4.533125,Highlands,https://t.me/joinchat/gx0JDL-JdONiMGZk,,,
Creag Meageaidh,56.9712,-4.51507,Highlands,https://t.me/joinchat/gx0JDL-JdONiMGZk,,,
Creag Mhigeachaidh,57.099135,-3.865565,Highlands,https://t.me/joinchat/gx0JDL-JdONiMGZk,,,
Creag Na Caillich,56.494375,-4.346695,South Scotland & Grampian,https://t.me/joinchat/WLIel5HDs6ViOThk,,,
Creag Nan Gabhar,56.93675,-3.40203,South Scotland & Grampian,https://t.me/joinchat/WLIel5HDs6ViOThk,,,
Creag Ruadh,57.5474,-4.86833,Highlands,https://t.me/joinchat/gx0JDL-JdONiMGZk,,,
Creagan Gorm,57.187535,-3.695015,Highlands,https://t.me/joinchat/gx0JDL-JdONiMGZk,,,
Cringle,54.42112,-1.17202,North East,https://t.me/joinchat/1uCqybLRETIyNTRk,,,
Cross Fell,54.70137,-2.52788,Borders,https://t.me/joinchat/gQNkjnuA51IwOTg0,,,
Curbar,53.2694,-1.61147,Central,https://t.me/joinchat/5iHr6hnc-gI4MDg0,,,https://derbyshiresoaringclub.org.uk/site-guide/curbar/
Cwmafan,51.62673,-3.76633,South Wales,https://t.me/joinchat/ksosguoLjyI0ZGFk,,,
Cwmbran,51.67538,-3.05492,South Wales,https://t.me/joinchat/ksosguoLjyI0ZGFk,,,
Cyrniau,52.81572,-3.40228,North Wales,https://t.me/joinchat/tP6m0r9gNJJmOTM8,,,
Dale Head,54.52678,-3.20282,Lakes,https://t.me/joinchat/nexjPNs95rY4Yzk8,,,https://derbyshiresoaringclub.org.uk/site-guide/dale-head/
Dalefoot,54.43709,-2.33715,Pennines & Dales,https://t.me/joinchat/NcCY7NcPJ3lkMTZk,,,
Dalwhinnie,56.8977,-4.20859,Highlands,https://t.me/joinchat/gx0JDL-JdONiMGZk,,,
Deepdale,54.23792,-2.4133,Pennines & Dales,https://t.me/joinchat/NcCY7NcPJ3lkMTZk,TRUE,Active Edge school site,
Devils Dyke,50.88575,-0.21312,South East,https://t.me/joinchat/GOaWSlE5YAswZjc0,,,https://shgc.org.uk/siteguidepdf
Devonshaw Hill,55.541055,-3.649395,Borders,https://t.me/joinchat/gQNkjnuA51IwOTg0,,,
Didling Hill,50.953315,-0.821375,South East,https://t.me/joinchat/GOaWSlE5YAswZjc0,,,
Ditchling,50.901035,-0.103435,South East,https://t.me/joinchat/GOaWSlE5YAswZjc0,,,https://shgc.org.uk/siteguidepdf
Dodd Fell,54.24897,-2.26377,Pennines & Dales,https://t.me/joinchat/NcCY7NcPJ3lkMTZk,,,https://www.dhpc.org.uk/site-guide/dodd-fell-grove-head
Dollar,56.17331,-3.68507,South Scotland & Grampian,https://t.me/joinchat/WLIel5HDs6ViOThk,,,
Drumochter,56.8679,-4.21493,Highlands,https://t.me/joinchat/gx0JDL-JdONiMGZk,,,
Dumyat,56.1543,-3.88057,South Scotland & Grampian,https://t.me/joinchat/WLIel5HDs6ViOThk,,,
Dungavel,55.55825,-3.68532,Borders,https://t.me/joinchat/gQNkjnuA51IwOTg0,,,
Dunstable,51.869975,-0.53799,Dunstable,https://t.me/+zpCRlLWf29RmNTRk,,,https://dunstablehpc.com/site-guides/dunstable-downs-site-guide/
East Hill,53.081195,-2.603665,North Wales,https://t.me/joinchat/tP6m0r9gNJJmOTM8,,,
East Lomond,56.2422,-3.221405,South Scotland & Grampian,https://t.me/joinchat/WLIel5HDs6ViOThk,,,
Ebbw Vale,51.7524,-3.20664,South Wales,https://t.me/joinchat/ksosguoLjyI0ZGFk,,,
Ecton,53.11943,-1.8514,Central,https://t.me/joinchat/5iHr6hnc-gI4MDg0,,,
Edenfield,53.65658,-2.27196,Pennines & Dales,https://t.me/joinchat/NcCY7NcPJ3lkMTZk,,,http://www.penninesoaringclub.org.uk/sites/edenfield/
Edge Top,53.18847,-1.9191,Central,https://t.me/joinchat/5iHr6hnc-gI4MDg0,,,
Elan Valley,52.33142,-3.60265,Mid Wales & Mynd,https://t.me/joinchat/RuC0kVJ1ygY2OTY8,,,
Elidir Fach,53.13093,-4.09171,North Wales,https://t.me/joinchat/tP6m0r9gNJJmOTM8,,,https://www.snowdoniaskysports.co.uk/cms/node/8
Ellerside,54.21653,-2.99003,Lakes,https://t.me/joinchat/nexjPNs95rY4Yzk8,,,http://www.cumbriasoaringclub.co.uk/SiteManagement/CSC_Specific_Site.php?site=ELS
Ennerdale,54.52008,-3.3957,Lakes,https://t.me/joinchat/nexjPNs95rY4Yzk8,,,
Eyam,53.29617,-1.69618,Central,https://t.me/joinchat/5iHr6hnc-gI4MDg0,,,https://derbyshiresoaringclub.org.uk/site-guide/eyam-edge
Eype,50.71583,-2.77895,South West,https://t.me/joinchat/yg6UPwjHlFNhOGVk,,,
Fairsnape,53.91597,-2.62577,Pennines & Dales,https://t.me/joinchat/NcCY7NcPJ3lkMTZk,,,http://www.penninesoaringclub.org.uk/sites/parlick/
Fan Brycheiniog,51.87991,-3.70435,South Wales,https://t.me/joinchat/ksosguoLjyI0ZGFk,,,
Fan Frynych,51.89755,-3.510595,South Wales,https://t.me/joinchat/ksosguoLjyI0ZGFk,,,
Fan Gyhirych,51.85895,-3.62795,South Wales,https://t.me/joinchat/ksosguoLjyI0ZGFk,,,
Farleton,54.21823,-2.70955,Pennines & Dales,https://t.me/joinchat/NcCY7NcPJ3lkMTZk,,,http://www.cumbriasoaringclub.co.uk/SiteManagement/CSC_Specific_Site.php?site=FKT
Fast Heugh,55.54987,-2.95538,Borders,https://t.me/joinchat/gQNkjnuA51IwOTg0,,,http://www.wingbeat-paragliding.co.uk/index.php/sites/fastheugh
Feshiebridge,57.09047,-3.84713,Highlands,https://t.me/joinchat/gx0JDL-JdONiMGZk,,,
Ffarmers,52.1126,-3.97267,South Wales,https://t.me/joinchat/ksosguoLjyI0ZGFk,,,
Fforest Fields,52.16525,-3.33028,South Wales,https://t.me/joinchat/ksosguoLjyI0ZGFk,,,https://paraglidingwales.co.uk/fforest-farm/
Firle,50.83497,0.081015,South East,https://t.me/joinchat/GOaWSlE5YAswZjc0,,,https://shgc.org.uk/siteguidepdf
Fochriw,51.73535,-3.306415,South Wales,https://t.me/joinchat/ksosguoLjyI0ZGFk,,,
Foel Fadian,52.543825,-3.730015,Mid Wales & Mynd,https://t.me/joinchat/RuC0kVJ1ygY2OTY8,,,https://paraglidingwales.co.uk/general-information/foel/
Foreman Hill,57.500895,-2.716795,South Scotland & Grampian,https://t.me/joinchat/WLIel5HDs6ViOThk,,,
Freathy,50.344935,-4.24835,South West,https://t.me/joinchat/yg6UPwjHlFNhOGVk,,,
Fremington,54.39755,-1.92925,Pennines & Dales,https://t.me/joinchat/NcCY7NcPJ3lkMTZk,,,https://www.dhpc.org.uk/site-guide/fremington-edge
Friar Waddon,50.66747,-2.50895,South West,https://t.me/joinchat/yg6UPwjHlFNhOGVk,,,
Frocester,51.70922,-2.29993,West,https://t.me/joinchat/xxEzm4aeX6dhNTJk,,,http://www.avonhgpg.co.uk/sites/sites.php
Fuar Mhonadh,56.85597,-4.21438,South Scotland & Grampian,https://t.me/joinchat/WLIel5HDs6ViOThk,,,
Gallt Yr Ogof,53.10545,-3.95147,North Wales,https://t.me/joinchat/tP6m0r9gNJJmOTM8,,,
Gam Rhiw,52.24465,-3.52982,Mid Wales & Mynd,https://t.me/joinchat/RuC0kVJ1ygY2OTY8,,,
Gargunnock Hills,56.09398,-4.16061,South Scotland & Grampian,https://t.me/joinchat/WLIel5HDs6ViOThk,,,
Garret,53.130375,-4.09969,North Wales,https://t.me/joinchat/tP6m0r9gNJJmOTM8,,,
Garway,51.920355,-2.822335,South Wales,https://t.me/joinchat/ksosguoLjyI0ZGFk,,,
Glen Clova,56.823025,-3.02755,South Scotland & Grampian,https://t.me/joinchat/WLIel5HDs6ViOThk,,,
Glen Ogle,56.42518,-4.32393,South Scotland & Grampian,https://t.me/joinchat/WLIel5HDs6ViOThk,,,
Glencoe,56.62842,-4.84147,South Scotland & Grampian,https://t.me/joinchat/WLIel5HDs6ViOThk,,,
Glenfinna,56.88111,-5.450175,South Scotland & Grampian,https://t.me/joinchat/WLIel5HDs6ViOThk,,,
Glyder,53.092355,-3.997325,North Wales,https://t.me/joinchat/tP6m0r9gNJJmOTM8,,,https://www.snowdoniaskysports.co.uk/cms/node/11
Golden Ball,51.37275,-1.82039,West,https://t.me/joinchat/xxEzm4aeX6dhNTJk,,,https://www.tvhgc.co.uk/golden-ball
Gorllwyn,52.95441,-4.13307,North Wales,https://t.me/joinchat/tP6m0r9gNJJmOTM8,,,
Gragareth,54.20421,-2.47841,Pennines & Dales,https://t.me/joinchat/NcCY7NcPJ3lkMTZk,TRUE,Active Edge school site,
Graig Fawr,51.75305,-3.99029,South Wales,https://t.me/joinchat/ksosguoLjyI0ZGFk,,,
Great Coum,54.24703,-2.45715,Pennines & Dales,https://t.me/joinchat/NcCY7NcPJ3lkMTZk,,,
Great Whernside,54.17188,-2.00633,Pennines & Dales,https://t.me/joinchat/NcCY7NcPJ3lkMTZk,,,https://www.dhpc.org.uk/site-guide/great-whernside
Green How,54.44812,-3.246415,Lakes,https://t.me/joinchat/nexjPNs95rY4Yzk8,,,
Greenhill,55.58776,-3.700225,Borders,https://t.me/joinchat/gQNkjnuA51IwOTg0,,,
Grey Mares Tail,55.41957,-3.32182,Borders,https://t.me/joinchat/gQNkjnuA51IwOTg0,,,
Grey Scars,54.141255,-2.41602,Pennines & Dales,https://t.me/joinchat/NcCY7NcPJ3lkMTZk,,,
Gyrn Moelfre,52.85125,-3.20795,North Wales,https://t.me/joinchat/tP6m0r9gNJJmOTM8,,,
Haig,54.549675,-3.599365,Lakes,https://t.me/joinchat/nexjPNs95rY4Yzk8,,,http://www.cumbriasoaringclub.co.uk/SiteManagement/CSC_Specific_Site.php?site=HGP
Hambledon,50.914615,-2.22205,West,https://t.me/joinchat/xxEzm4aeX6dhNTJk,,,http://www.wessexhgpg.org.uk/Sites/Siteguide/FullSiteGuide.pdf
Haresfield,51.7793,-2.25599,West,https://t.me/joinchat/xxEzm4aeX6dhNTJk,,,http://www.avonhgpg.co.uk/sites/sites.php
Harting,50.95948,-0.87007,South East,https://t.me/joinchat/GOaWSlE5YAswZjc0,,,http://skysurfingclub.co.uk/sites-guide/
Haughmond Hill,52.719635,-2.687735,Mid Wales & Mynd,https://t.me/joinchat/RuC0kVJ1ygY2OTY8,,,
Hawkswick,54.12898,-2.05297,Pennines & Dales,https://t.me/joinchat/NcCY7NcPJ3lkMTZk,,,
Hay Bluff,52.02262,-3.103875,South Wales,https://t.me/joinchat/ksosguoLjyI0ZGFk,,,https://www.flysouthwales.co.uk/site-guides
Heol Senni,51.8892,-3.58188,South Wales,https://t.me/joinchat/ksosguoLjyI0ZGFk,,,
Herne Bay,51.375045,1.175235,South East,https://t.me/joinchat/GOaWSlE5YAswZjc0,,,https://www.dfhgc.org/sites/herne-bay
Heron Pike,54.46479,-2.99615,Lakes,https://t.me/joinchat/nexjPNs95rY4Yzk8,,,
High And Over,50.79118,0.14232,South East,https://t.me/joinchat/GOaWSlE5YAswZjc0,,,https://www.shgc.org.uk/highandover
High Cap,54.70132,-2.526485,Lakes,https://t.me/joinchat/nexjPNs95rY4Yzk8,,,
High Street,54.493725,-2.862045,Lakes,https://t.me/joinchat/nexjPNs95rY4Yzk8,,,
High Wheeldon,53.190085,-1.850865,Central,https://t.me/joinchat/5iHr6hnc-gI4MDg0,,,
Rhossili,51.5746054,-4.2844218,South Wales,https://t.me/joinchat/ksosguoLjyI0ZGFk,,,
Hill Farm,52.69155,0.81357,East,https://t.me/joinchat/1oNELt0BqesxNjJk,,,
Hill Of Noth,57.35942,-2.816895,South Scotland & Grampian,https://t.me/joinchat/WLIel5HDs6ViOThk,,,
Hogden Law,55.407675,-2.07423,Borders,https://t.me/joinchat/gQNkjnuA51IwOTg0,,,
Horden,54.76379,-1.29924,North East,https://t.me/joinchat/1uCqybLRETIyNTRk,,,
Hordon,54.791255,-1.311755,North East,https://t.me/joinchat/1uCqybLRETIyNTRk,,,
Hownam,55.48852,-2.329,Borders,https://t.me/joinchat/gQNkjnuA51IwOTg0,,,
Huish,51.37337,-1.78157,West,https://t.me/joinchat/xxEzm4aeX6dhNTJk,,,
Humbleton Hill,55.54903,-2.05217,Borders,https://t.me/joinchat/gQNkjnuA51IwOTg0,,,
Ill Bell,54.494695,-2.944195,Lakes,https://t.me/joinchat/nexjPNs95rY4Yzk8,,,
Ingleborough,54.17053,-2.38332,Pennines & Dales,https://t.me/joinchat/NcCY7NcPJ3lkMTZk,,,
Jenkin,54.63073,-3.120965,Lakes,https://t.me/joinchat/nexjPNs95rY4Yzk8,,,http://www.cumbriasoaringclub.co.uk/SiteManagement/CSC_Specific_Site.php?site=JKH
Johnny Barnes,54.231355,-2.55285,Pennines & Dales,https://t.me/joinchat/NcCY7NcPJ3lkMTZk,,,
Kerloch,56.98236,-2.503035,South Scotland & Grampian,https://t.me/joinchat/WLIel5HDs6ViOThk,,,
Kettle Sings,52.0769,-2.33928,West,https://t.me/joinchat/xxEzm4aeX6dhNTJk,,,http://www.joomla.malvern-hang.org.uk/index.php/pinnacle-meniu
Kilnsey,54.1057,-2.04653,Pennines & Dales,https://t.me/joinchat/NcCY7NcPJ3lkMTZk,,,https://www.dhpc.org.uk/site-guide/kilnsey
Kimmeridge,50.61489,-2.104835,West,https://t.me/joinchat/xxEzm4aeX6dhNTJk,,,http://www.wessexhgpg.org.uk/Sites/Siteguide/FullSiteGuide.pdf
King Tor,50.619725,-3.823875,South West,https://t.me/joinchat/yg6UPwjHlFNhOGVk,,,https://sdhgpc.org.uk/sites/king-tor
Kings Seat,56.481015,-3.24962,South Scotland & Grampian,https://t.me/joinchat/WLIel5HDs6ViOThk,,,
Kintail,57.222515,-5.40846,Highlands,https://t.me/joinchat/gx0JDL-JdONiMGZk,,,
Knitson,50.62963,-1.99473,West,https://t.me/joinchat/xxEzm4aeX6dhNTJk,,,http://www.wessexhgpg.org.uk/Sites/Siteguide/FullSiteGuide.pdf
Knock Hill,57.58362,-2.77698,South Scotland & Grampian,https://t.me/joinchat/WLIel5HDs6ViOThk,,,
Knock Of Formal,56.67662,-3.2127,South Scotland & Grampian,https://t.me/joinchat/WLIel5HDs6ViOThk,,,
Langdales,54.4554,-3.104655,Lakes,https://t.me/joinchat/nexjPNs95rY4Yzk8,,,http://www.cumbriasoaringclub.co.uk/SiteManagement/CSC_Specific_Site.php?site=GLG
Langholm,55.19375,-3.01533,Borders,https://t.me/joinchat/gQNkjnuA51IwOTg0,,,
Latrigg,54.6126,-3.1208,Lakes,https://t.me/joinchat/nexjPNs95rY4Yzk8,,,http://www.cumbriasoaringclub.co.uk/SiteManagement/CSC_Specific_Site.php?site=LTR
Lawley,52.58052,-2.73953,Mid Wales & Mynd,https://t.me/joinchat/RuC0kVJ1ygY2OTY8,,,
Leavesleys Hill,52.50114,-3.03457,Mid Wales & Mynd,https://t.me/joinchat/RuC0kVJ1ygY2OTY8,,,
Leckhampton,51.86505,-2.06652,West,https://t.me/joinchat/xxEzm4aeX6dhNTJk,,,http://www.joomla.malvern-hang.org.uk/index.php/leckhampton
Liddington,51.51725,-1.70132,West,https://t.me/joinchat/xxEzm4aeX6dhNTJk,,,https://www.tvhgc.co.uk/liddington
Little London,52.48875,-3.41212,Mid Wales & Mynd,https://t.me/joinchat/RuC0kVJ1ygY2OTY8,,,
Little Mell Fell,54.606925,-2.890945,Lakes,https://t.me/joinchat/nexjPNs95rY4Yzk8,,,
Little Wyvis,57.64492,-4.63332,Highlands,https://t.me/joinchat/gx0JDL-JdONiMGZk,,,
Llanbedr,51.90815,-3.122905,South Wales,https://t.me/joinchat/ksosguoLjyI0ZGFk,,,
Llandewi Brefi,52.16727,-3.971565,Mid Wales & Mynd,https://t.me/joinchat/RuC0kVJ1ygY2OTY8,,,
Llandinam,52.471895,-3.42457,Mid Wales & Mynd,https://t.me/joinchat/RuC0kVJ1ygY2OTY8,,,
Llangollen,52.95615,-3.13631,North Wales,https://t.me/joinchat/tP6m0r9gNJJmOTM8,,,
Llangorse,51.93855,-3.2232,South Wales,https://t.me/joinchat/ksosguoLjyI0ZGFk,,,
Llantysilio,52.99828,-3.26452,North Wales,https://t.me/joinchat/tP6m0r9gNJJmOTM8,,,
Loadpot Hill,54.55643,-2.84407,Lakes,https://t.me/joinchat/nexjPNs95rY4Yzk8,,,
Lobden,53.661275,-2.15541,Pennines & Dales,https://t.me/joinchat/NcCY7NcPJ3lkMTZk,,,
Loch Torridon,57.56567,-5.595895,Highlands,https://t.me/joinchat/gx0JDL-JdONiMGZk,,,
Lochcraig Head,55.452,-3.3145,Borders,https://t.me/joinchat/gQNkjnuA51IwOTg0,,,http://www.wingbeat-paragliding.co.uk/index.php/sites/lochcraig-head
Lochindorb,57.40333,-3.69412,Highlands,https://t.me/joinchat/gx0JDL-JdONiMGZk,,,
Lochlyock Hill,55.58799,-3.69897,Borders,https://t.me/joinchat/gQNkjnuA51IwOTg0,,,
Long Knoll,51.13749,-2.2909,West,https://t.me/joinchat/xxEzm4aeX6dhNTJk,,,http://www.avonhgpg.co.uk/sites/sites.php
Long Mountain,52.67568,-3.0631,Mid Wales & Mynd,https://t.me/joinchat/RuC0kVJ1ygY2OTY8,,,
Long Mynd,52.52245,-2.88137,Mid Wales & Mynd,https://t.me/joinchat/RuC0kVJ1ygY2OTY8,,,http://www.longmynd.org/?page_id=284
Long Mynd Black Knoll,52.494585,-2.8957,Mid Wales & Mynd,https://t.me/joinchat/RuC0kVJ1ygY2OTY8,,,
Longridge,53.85948,-2.54372,Pennines & Dales,https://t.me/joinchat/NcCY7NcPJ3lkMTZk,,,http://www.penninesoaringclub.org.uk/sites/longridge/
Longstone Edge,53.25455,-1.695635,Central,https://t.me/joinchat/5iHr6hnc-gI4MDg0,,,
Lords Seat / Rushup,53.3476582,-1.8266357,Central,https://t.me/joinchat/5iHr6hnc-gI4MDg0,,,https://derbyshiresoaringclub.org.uk/site-guide/lords-seat
Lowther,55.37818,-3.75755,Borders,https://t.me/joinchat/gQNkjnuA51IwOTg0,,,
Lumsden Law,55.34366,-2.43517,Borders,https://t.me/joinchat/gQNkjnuA51IwOTg0,,,
Magic,51.888485,-3.14114,South Wales,https://t.me/joinchat/ksosguoLjyI0ZGFk,,,
Maiden Castle,50.6968,-2.468465,South West,https://t.me/joinchat/yg6UPwjHlFNhOGVk,,,http://www.wessexhgpg.org.uk/Sites/Siteguide/FullSiteGuide.pdf
Mallerstang,54.420285,-2.30946,Pennines & Dales,https://t.me/joinchat/NcCY7NcPJ3lkMTZk,,,
Malvern,52.07678,-2.33935,West,https://t.me/joinchat/xxEzm4aeX6dhNTJk,,,
Mam Tor,53.34995,-1.80867,Central,https://t.me/joinchat/5iHr6hnc-gI4MDg0,,,https://derbyshiresoaringclub.org.uk/site-guide/mam-tor-nw
Marske,54.595635,-1.011055,North East,https://t.me/joinchat/1uCqybLRETIyNTRk,,,
Mauld,57.40223,-4.66152,Highlands,https://t.me/joinchat/gx0JDL-JdONiMGZk,,,
Meall A Bhuachaille,57.18303,-3.67267,Highlands,https://t.me/joinchat/gx0JDL-JdONiMGZk,,,
Meall A Bhuiridh,56.61175,-4.84418,South Scotland & Grampian,https://t.me/joinchat/WLIel5HDs6ViOThk,,,
Meall A Chaorainn,56.739475,-5.090165,South Scotland & Grampian,https://t.me/joinchat/WLIel5HDs6ViOThk,,,
Meall An T-Seallaidh,56.36672,-4.34837,South Scotland & Grampian,https://t.me/joinchat/WLIel5HDs6ViOThk,,,
Meall Bhanbhaid,56.863775,-5.091255,South Scotland & Grampian,https://t.me/joinchat/WLIel5HDs6ViOThk,,,
Meall Donn,57.25252,-4.36915,Highlands,https://t.me/joinchat/gx0JDL-JdONiMGZk,,,
Meall Leacachain,57.75313,-4.9743,Highlands,https://t.me/joinchat/gx0JDL-JdONiMGZk,,,
Meall Monachyle,56.34988,-4.48517,South Scotland & Grampian,https://t.me/joinchat/WLIel5HDs6ViOThk,,,
Meall Nan Bradan Leathan,57.70198,-4.51005,Highlands,https://t.me/joinchat/gx0JDL-JdONiMGZk,,,
Melmerby Low Scar,54.73657,-2.57178,Lakes,https://t.me/joinchat/nexjPNs95rY4Yzk8,,,
Mendips,51.26302,-2.73075,West,https://t.me/joinchat/xxEzm4aeX6dhNTJk,,,
Menstrie,56.15962,-3.84355,Borders,https://t.me/joinchat/gQNkjnuA51IwOTg0,,,
Mercury,50.97413,-1.03855,South East,https://t.me/joinchat/GOaWSlE5YAswZjc0,,,http://skysurfingclub.co.uk/sites-guide/
Mere,51.10858,-2.272205,West,https://t.me/joinchat/xxEzm4aeX6dhNTJk,,,http://www.avonhgpg.co.uk/sites/sites.php
Merthyr,51.72333,-3.33597,South Wales,https://t.me/joinchat/ksosguoLjyI0ZGFk,,,
Mid Eildon,55.58695,-2.70832,Borders,https://t.me/joinchat/gQNkjnuA51IwOTg0,,,
Middle Of Nowhere,56.911,-4.318965,Highlands,https://t.me/joinchat/gx0JDL-JdONiMGZk,,,
Middleark,54.39815,-2.3607,Pennines & Dales,https://t.me/joinchat/NcCY7NcPJ3lkMTZk,,,
Milk Hill White Horse,51.37282,-1.85684,West,https://t.me/joinchat/xxEzm4aeX6dhNTJk,,,https://www.tvhgc.co.uk/milk-hill-white-horse
Milk Massif,51.37321,-1.7441,West,https://t.me/joinchat/xxEzm4aeX6dhNTJk,,,https://www.tvhgc.co.uk/milk-hill
Millington,53.95217,-0.72655,North East,https://t.me/joinchat/1uCqybLRETIyNTRk,TRUE,Sensitive. Flagged exclude at request of Caley Club sites officer,https://cayleyparagliding.co.uk/paragliding-at-millington/
Model Ridge,54.42238,-1.1927,North East,https://t.me/joinchat/1uCqybLRETIyNTRk,,,
Moel Accre,53.0672,-3.24137,North Wales,https://t.me/joinchat/tP6m0r9gNJJmOTM8,,,
Moel Berfedd,53.08238,-4.0101,North Wales,https://t.me/joinchat/tP6m0r9gNJJmOTM8,,,https://www.snowdoniaskysports.co.uk/cms/node/10
Moel Eilio,53.10893,-4.14007,North Wales,https://t.me/joinchat/tP6m0r9gNJJmOTM8,,,https://www.snowdoniaskysports.co.uk/cms/node/5
Moel Famau,53.13865,-3.25977,North Wales,https://t.me/joinchat/tP6m0r9gNJJmOTM8,,,
Molls Cleuch Dod,55.445425,-3.35529,Borders,https://t.me/joinchat/gQNkjnuA51IwOTg0,,,
Moneylaws,55.60686,-2.205535,Borders,https://t.me/joinchat/gQNkjnuA51IwOTg0,,,
Monksdown,50.98638,-2.087075,West,https://t.me/joinchat/xxEzm4aeX6dhNTJk,,,http://www.wessexhgpg.org.uk/Sites/SiteGuide/MonksDown.pdf
Moorfoots,55.77353,-3.04622,Borders,https://t.me/joinchat/gQNkjnuA51IwOTg0,,,
Morrone,56.98075,-3.42837,Highlands,https://t.me/joinchat/gx0JDL-JdONiMGZk,,,
Moruisg,57.51735,-5.16415,Highlands,https://t.me/joinchat/gx0JDL-JdONiMGZk,,,
Morven,57.12432,-2.99882,South Scotland & Grampian,https://t.me/joinchat/WLIel5HDs6ViOThk,,,
Mount Benger,55.53187,-3.09345,Borders,https://t.me/joinchat/gQNkjnuA51IwOTg0,,,http://www.wingbeat-paragliding.co.uk/index.php/sites/mountbenger
Mount Caburn,50.86133,0.050325,South East,https://t.me/joinchat/GOaWSlE5YAswZjc0,,,https://shgc.org.uk/siteguidepdf
Much Marcle,51.99117,-2.53972,West,https://t.me/joinchat/xxEzm4aeX6dhNTJk,,,http://www.joomla.malvern-hang.org.uk/index.php/main-much-marcle
Murton Pike,54.60163,-2.41442,Lakes,https://t.me/joinchat/nexjPNs95rY4Yzk8,,,http://www.cumbriasoaringclub.co.uk/SiteManagement/CSC_Specific_Site.php?site=MTP
Mynydd Llysiau,51.9469,-3.158625,South Wales,https://t.me/joinchat/ksosguoLjyI0ZGFk,,,
Mynydd Meio,51.586525,-3.280885,South Wales,https://t.me/joinchat/ksosguoLjyI0ZGFk,,,
Myreton,56.16015,-3.84343,South Scotland & Grampian,https://t.me/joinchat/WLIel5HDs6ViOThk,,,
Na Cnapanan,56.96742,-4.5118,Highlands,https://t.me/joinchat/gx0JDL-JdONiMGZk,,,
Nant,52.96924,-4.459285,North Wales,https://t.me/joinchat/tP6m0r9gNJJmOTM8,,,
Nant Y Moel,51.632525,-3.52589,South Wales,https://t.me/joinchat/ksosguoLjyI0ZGFk,,,
Near Abington,55.486375,-3.67649,Borders,https://t.me/joinchat/gQNkjnuA51IwOTg0,,,
Nevis Range,56.84188,-4.97152,South Scotland & Grampian,https://t.me/joinchat/WLIel5HDs6ViOThk,,,
Newburgh,56.35788,-3.19452,South Scotland & Grampian,https://t.me/joinchat/WLIel5HDs6ViOThk,,,
Newgale,51.83807,-5.112865,South Wales,https://t.me/joinchat/ksosguoLjyI0ZGFk,,,
Newhaven,50.782,0.04792,South East,https://t.me/joinchat/GOaWSlE5YAswZjc0,,,https://shgc.org.uk/siteguidepdf
Nont Sarahs,53.61865,-1.97303,Pennines & Dales,https://t.me/joinchat/NcCY7NcPJ3lkMTZk,,,http://www.penninesoaringclub.org.uk/sites/nont-sarahs/
North Luffenham,52.63035,-0.60998,East,https://t.me/joinchat/1oNELt0BqesxNjJk,,,
Nr Broughton,55.61485,-3.39281,Borders,https://t.me/joinchat/gQNkjnuA51IwOTg0,,,
Nr Dolgarrog,53.17441,-3.87424,North Wales,https://t.me/joinchat/tP6m0r9gNJJmOTM8,,,
Old Bewick,55.48752,-1.87987,Borders,https://t.me/joinchat/gQNkjnuA51IwOTg0,,,
Pandy,51.90795,-2.99456,South Wales,https://t.me/joinchat/ksosguoLjyI0ZGFk,,,
Pandy Ridge,51.93762,-3.00817,South Wales,https://t.me/joinchat/ksosguoLjyI0ZGFk,,,
Panorama,52.98267,-3.13775,North Wales,https://t.me/joinchat/tP6m0r9gNJJmOTM8,,,
Park Fell,54.18967,-2.35993,Pennines & Dales,https://t.me/joinchat/NcCY7NcPJ3lkMTZk,TRUE,Active Edge school site,"Training site, contact Active Edge before flying https://www.activeedge.co.uk/"
Parlick,53.89987,-2.61796,Pennines & Dales,https://t.me/joinchat/NcCY7NcPJ3lkMTZk,,,http://www.penninesoaringclub.org.uk/sites/parlick/
Parracombe,51.17836,-3.87586,South West,https://t.me/joinchat/yg6UPwjHlFNhOGVk,,,
Pen Dinas,52.39909,-4.089325,Mid Wales & Mynd,https://t.me/joinchat/RuC0kVJ1ygY2OTY8,,,
Pen Y Fan,51.88303,-3.44538,South Wales,https://t.me/joinchat/ksosguoLjyI0ZGFk,,,
Pendle,53.857325,-2.33822,Pennines & Dales,https://t.me/joinchat/NcCY7NcPJ3lkMTZk,,,http://www.penninesoaringclub.org.uk/sites/pendle/
Pendle East,53.871805,-2.29665,Pennines & Dales,https://t.me/joinchat/NcCY7NcPJ3lkMTZk,TRUE,No flying,
Penmaen Bach,53.28425,-3.87592,North Wales,https://t.me/joinchat/tP6m0r9gNJJmOTM8,,,
Penycloddiau,53.2048,-3.30875,North Wales,https://t.me/joinchat/tP6m0r9gNJJmOTM8,,,
Penyghent,54.159015,-2.250465,Pennines & Dales,https://t.me/joinchat/NcCY7NcPJ3lkMTZk,,,
Pinnacle Hill,52.07676,-2.33912,West,https://t.me/joinchat/xxEzm4aeX6dhNTJk,,,
Pontlottyn,51.738675,-3.281915,South Wales,https://t.me/joinchat/ksosguoLjyI0ZGFk,,,
Pressendye,57.167715,-2.84776,South Scotland & Grampian,https://t.me/joinchat/WLIel5HDs6ViOThk,,,
Primrose Valley,54.19188,-0.2823,North East,https://t.me/joinchat/1uCqybLRETIyNTRk,,,https://cayleyparagliding.co.uk/paragliding-primrose-valley/
Quinag,58.19839,-5.023595,Highlands,https://t.me/joinchat/gx0JDL-JdONiMGZk,,,
Quiraing,57.6291,-6.28901,Highlands,https://t.me/joinchat/gx0JDL-JdONiMGZk,,,
Radar Masts,54.7572,-2.574685,Lakes,https://t.me/joinchat/nexjPNs95rY4Yzk8,,,
Rebecca,54.19645,-3.182425,Lakes,https://t.me/joinchat/nexjPNs95rY4Yzk8,,,http://www.cumbriasoaringclub.co.uk/SiteManagement/CSC_Specific_Site.php?site=RBA
Red Pike,54.52747,-3.29862,Lakes,https://t.me/joinchat/nexjPNs95rY4Yzk8,,,
Red Screes,54.46935,-2.93378,Lakes,https://t.me/joinchat/nexjPNs95rY4Yzk8,,,
Reighton,54.16498,-0.24596,North East,https://t.me/joinchat/1uCqybLRETIyNTRk,,,https://cayleyparagliding.co.uk/paragliding-reighton/
Rhiw Wen,51.855975,-3.848115,South Wales,https://t.me/joinchat/ksosguoLjyI0ZGFk,,,
Ringstead,50.640175,-2.34191,West,https://t.me/joinchat/xxEzm4aeX6dhNTJk,,,http://www.wessexhgpg.org.uk/Sites/Siteguide/FullSiteGuide.pdf
Roaches,53.169285,-2.003125,Central,https://t.me/joinchat/5iHr6hnc-gI4MDg0,,,
Robinson,54.53732,-3.23605,Lakes,https://t.me/joinchat/nexjPNs95rY4Yzk8,,,
Roel Gate,51.91705,-1.924425,West,https://t.me/joinchat/xxEzm4aeX6dhNTJk,,,
Rough Knowe,55.52201,-2.99485,Borders,https://t.me/joinchat/gQNkjnuA51IwOTg0,,,
Rutland Airsports,52.630445,-0.605775,East,https://t.me/joinchat/1oNELt0BqesxNjJk,,,https://rutlandairsport.wordpress.com/site-guide/
Rybury,51.37278,-1.88167,West,https://t.me/joinchat/xxEzm4aeX6dhNTJk,,,https://www.tvhgc.co.uk/rybury
Saddle Yoke,55.38602,-3.34808,Borders,https://t.me/joinchat/gQNkjnuA51IwOTg0,,,
Sandymouth,50.85997,-4.55508,South West,https://t.me/joinchat/yg6UPwjHlFNhOGVk,,,
Sarn,52.50295,-3.14252,Mid Wales & Mynd,https://t.me/joinchat/RuC0kVJ1ygY2OTY8,,,
Scales Fell,54.63858,-3.02565,Lakes,https://t.me/joinchat/nexjPNs95rY4Yzk8,,,
Schiehallion,56.666075,-4.07636,South Scotland & Grampian,https://t.me/joinchat/WLIel5HDs6ViOThk,,,
Seat Sandal,54.49046,-3.03585,Lakes,https://t.me/joinchat/nexjPNs95rY4Yzk8,,,
Selsley,51.72742,-2.25043,West,https://t.me/joinchat/xxEzm4aeX6dhNTJk,,,http://www.avonhgpg.co.uk/sites/sites.php
Semer Water,54.28856,-2.13954,Pennines & Dales,https://t.me/joinchat/NcCY7NcPJ3lkMTZk,,,https://www.dhpc.org.uk/site-guide/semer-water
Seven Sisters,51.7471,-3.70062,South Wales,https://t.me/joinchat/ksosguoLjyI0ZGFk,,,
Sgor Gaoithe,57.27755,-3.53576,Highlands,https://t.me/joinchat/gx0JDL-JdONiMGZk,,,
Sgurr An Airgid,57.237705,-5.39644,Highlands,https://t.me/joinchat/gx0JDL-JdONiMGZk,,,
Sgurr An Fhuarail,57.16208,-5.201,Highlands,https://t.me/joinchat/gx0JDL-JdONiMGZk,,,
Sgurr Finniosgaig,56.842225,-4.971065,South Scotland & Grampian,https://t.me/joinchat/WLIel5HDs6ViOThk,,,
Sgurr Na Feartaig,57.467725,-5.246675,Highlands,https://t.me/joinchat/gx0JDL-JdONiMGZk,,,
Sharpenhoe,51.9582,-0.44589,Dunstable,https://t.me/+zpCRlLWf29RmNTRk,,,https://dunstablehpc.com/site-guides/sharpenhoe-site-guide/
Shining Tor,53.258625,-2.01091,Central,https://t.me/joinchat/5iHr6hnc-gI4MDg0,,,
Simon Fell,54.16994,-2.369575,Pennines & Dales,https://t.me/joinchat/NcCY7NcPJ3lkMTZk,TRUE,Active Edge school site,
Skiddaw,54.63947,-3.13732,Lakes,https://t.me/joinchat/nexjPNs95rY4Yzk8,,,
Skirrid,51.8549,-2.97482,South Wales,https://t.me/joinchat/ksosguoLjyI0ZGFk,,,
Slaggyford,54.850975,-2.515355,Lakes,https://t.me/joinchat/nexjPNs95rY4Yzk8,,,
Sma Glen,56.46551,-3.81529,South Scotland & Grampian,https://t.me/joinchat/WLIel5HDs6ViOThk,,,
Snowdon,53.074725,-4.071575,North Wales,https://t.me/joinchat/tP6m0r9gNJJmOTM8,,,
Sourton,50.69002,-4.06627,South West,https://t.me/joinchat/yg6UPwjHlFNhOGVk,,,https://sdhgpc.org.uk/sites/sourton
South Cerney,51.68687,-1.92145,West,https://t.me/joinchat/xxEzm4aeX6dhNTJk,,,
Southbourne,50.7215,-1.8166,West,https://t.me/joinchat/xxEzm4aeX6dhNTJk,,,http://www.wessexhgpg.org.uk/Sites/Siteguide/FullSiteGuide.pdf
Souther Fell,54.652675,-2.998565,Lakes,https://t.me/joinchat/nexjPNs95rY4Yzk8,,,http://www.cumbriasoaringclub.co.uk/SiteManagement/CSC_Specific_Site.php?site=SRF
Sow Of Athol,56.83914,-4.255375,South Scotland & Grampian,https://t.me/joinchat/WLIel5HDs6ViOThk,,,
Sron A Gharbh Choire Bhig,56.68805,-5.39589,South Scotland & Grampian,https://t.me/joinchat/WLIel5HDs6ViOThk,,,
St Bees,54.512705,-3.63922,Lakes,https://t.me/joinchat/nexjPNs95rY4Yzk8,,,http://www.cumbriasoaringclub.co.uk/SiteManagement/CSC_Specific_Site.php?site=SBS
St Cats,50.5964,-1.30578,Isle of Wight,https://t.me/joinchat/tSmGEGKwsGpkMTg0,,,
St. Aldhelms,50.59287,-2.05952,West,https://t.me/joinchat/xxEzm4aeX6dhNTJk,,,http://www.wessexhgpg.org.uk/Sites/Siteguide/FullSiteGuide.pdf
St. Bees,54.489875,-3.61055,Lakes,https://t.me/joinchat/nexjPNs95rY4Yzk8,,,
Stags Fell,54.3266,-2.19745,Pennines & Dales,https://t.me/joinchat/NcCY7NcPJ3lkMTZk,,,https://www.dhpc.org.uk/site-guide/stags-fell
Stanage,53.34632,-1.63178,Central,https://t.me/joinchat/5iHr6hnc-gI4MDg0,,,https://derbyshiresoaringclub.org.uk/site-guide/stanage
Standon Hill,50.612875,-4.04571,South West,https://t.me/joinchat/yg6UPwjHlFNhOGVk,,,
Stoodley Pike,53.71378,-2.04317,Pennines & Dales,https://t.me/joinchat/NcCY7NcPJ3lkMTZk,,,
Strath Rusdale,57.768515,-4.37814,Highlands,https://t.me/joinchat/gx0JDL-JdONiMGZk,,,
Strathyre,56.3259,-4.29433,South Scotland & Grampian,https://t.me/joinchat/WLIel5HDs6ViOThk,,,
Stronend,56.07711,-4.20669,South Scotland & Grampian,https://t.me/joinchat/WLIel5HDs6ViOThk,,,
Struddick,50.366,-4.40427,South West,https://t.me/joinchat/yg6UPwjHlFNhOGVk,,,
Sugar Hill,51.50662,-1.65892,West,https://t.me/joinchat/xxEzm4aeX6dhNTJk,,,https://www.tvhgc.co.uk/sugar-hill
Sugar Loaf,51.84308,-3.05893,South Wales,https://t.me/joinchat/ksosguoLjyI0ZGFk,,,
Suidhe Fhearghas,55.660675,-5.19681,South Scotland & Grampian,https://t.me/joinchat/WLIel5HDs6ViOThk,,,
Swallowcliffe,51.03013,-2.03677,West,https://t.me/joinchat/xxEzm4aeX6dhNTJk,,,http://www.wessexhgpg.org.uk/Sites/Siteguide/FullSiteGuide.pdf
Swarth Fell,54.36477,-2.37548,Pennines & Dales,https://t.me/joinchat/NcCY7NcPJ3lkMTZk,,,
Swindale,54.544775,-3.029695,Lakes,https://t.me/joinchat/nexjPNs95rY4Yzk8,,,
Swinside,54.60806,-3.281725,Lakes,https://t.me/joinchat/nexjPNs95rY4Yzk8,,,http://www.cumbriasoaringclub.co.uk/SiteManagement/CSC_Specific_Site.php?site=SWS
Tailbridge,54.438585,-2.304225,Pennines & Dales,https://t.me/joinchat/NcCY7NcPJ3lkMTZk,,,https://www.dhpc.org.uk/site-guide/tailbridge
Talybont,51.86419,-3.35693,South Wales,https://t.me/joinchat/ksosguoLjyI0ZGFk,,,
Tarmachan,56.51268,-4.292435,South Scotland & Grampian,https://t.me/joinchat/WLIel5HDs6ViOThk,,,
Telegraph Hill,50.84407,-2.5102,West,https://t.me/joinchat/xxEzm4aeX6dhNTJk,,,
Threlkeld Knotts,54.59718,-3.04247,Lakes,https://t.me/joinchat/nexjPNs95rY4Yzk8,,,
Thundergay,55.65658,-5.3462,South Scotland & Grampian,https://t.me/joinchat/WLIel5HDs6ViOThk,,,
Thurnham,51.29471,0.588415,South East,https://t.me/joinchat/GOaWSlE5YAswZjc0,,,https://www.dfhgc.org/sites/thurnham
Tinto,55.59112,-3.701085,Borders,https://t.me/joinchat/gQNkjnuA51IwOTg0,,,
Tinto East,55.60432,-3.65757,Borders,https://t.me/joinchat/gQNkjnuA51IwOTg0,,,
Tow Scar,54.1746,-2.480905,Pennines & Dales,https://t.me/joinchat/NcCY7NcPJ3lkMTZk,TRUE,Active Edge school site,
Tops Of Fichell,56.79968,-3.01902,South Scotland & Grampian,https://t.me/joinchat/WLIel5HDs6ViOThk,,,
Treak Cliff,53.34285,-1.79862,Central,https://t.me/joinchat/5iHr6hnc-gI4MDg0,,,https://derbyshiresoaringclub.org.uk/site-guide/treak-cliff
Builth Wells,52.163375,-3.340835,South Wales,https://t.me/joinchat/ksosguoLjyI0ZGFk,,Overlaps Tremain and Fforest Fields,http://www.malvern-hang.org.uk/index.php?option=com_content&view=article&id=97&catid=11&Itemid=105
Trentishoe,51.21494,-3.96708,South West,https://t.me/joinchat/yg6UPwjHlFNhOGVk,,,https://ndhpc.co.uk/sites_guide/trentishoe
Tresparret,50.71204,-4.65161,South West,https://t.me/joinchat/yg6UPwjHlFNhOGVk,,,
Triscombe,51.10595,-3.19767,South West,https://t.me/joinchat/yg6UPwjHlFNhOGVk,,,
Troutbeck,54.420885,-2.887085,Lakes,https://t.me/joinchat/nexjPNs95rY4Yzk8,,,http://www.cumbriasoaringclub.co.uk/SiteManagement/CSC_Specific_Site.php?site=TBK
Tudhope Hill,55.280345,-2.895935,Borders,https://t.me/joinchat/gQNkjnuA51IwOTg0,,,
Ubley,51.31175,-2.67549,West,https://t.me/joinchat/xxEzm4aeX6dhNTJk,,,http://www.avonhgpg.co.uk/sites/sites.php
Uffington,51.57718,-1.567135,West,https://t.me/joinchat/xxEzm4aeX6dhNTJk,,,https://www.tvhgc.co.uk/uffington-white-horse
Ullock,54.66175,-3.17945,Lakes,https://t.me/joinchat/nexjPNs95rY4Yzk8,,,http://www.cumbriasoaringclub.co.uk/SiteManagement/CSC_Specific_Site.php?site=ULP
Unknown,51.80427,-2.99565,South Wales,https://t.me/joinchat/ksosguoLjyI0ZGFk,,,
Walla,54.58312,-3.118915,Lakes,https://t.me/joinchat/nexjPNs95rY4Yzk8,,,http://www.cumbriasoaringclub.co.uk/SiteManagement/CSC_Specific_Site.php?site=WAC
Warren,51.1016,1.22615,South East,https://t.me/joinchat/GOaWSlE5YAswZjc0,,,https://www.dfhgc.org/sites/warren
Wasdale Screes,54.417075,-3.31664,Lakes,https://t.me/joinchat/nexjPNs95rY4Yzk8,,,
West Lomand,56.24695,-3.30207,South Scotland & Grampian,https://t.me/joinchat/WLIel5HDs6ViOThk,,,
Westbury,51.2626,-2.14746,West,https://t.me/joinchat/xxEzm4aeX6dhNTJk,,,http://www.avonhgpg.co.uk/sites/sites.php
Westward Ho!,51.035975,-4.25735,South West,https://t.me/joinchat/yg6UPwjHlFNhOGVk,,,https://ndhpc.co.uk/sites_guide/cornborough
Wether Fell,54.27013,-2.20558,Pennines & Dales,https://t.me/joinchat/NcCY7NcPJ3lkMTZk,,,https://www.dhpc.org.uk/site-guide/wether-fell
Weybourne,52.948605,1.14494,East,https://t.me/joinchat/1oNELt0BqesxNjJk,,,
Whernside,54.207335,-2.41976,Pennines & Dales,https://t.me/joinchat/NcCY7NcPJ3lkMTZk,,,https://www.dhpc.org.uk/site-guide/whernside
White Corries,56.62787,-4.84022,South Scotland & Grampian,https://t.me/joinchat/WLIel5HDs6ViOThk,,,
White Horse,50.6586,-2.40473,South West,https://t.me/joinchat/yg6UPwjHlFNhOGVk,,,http://www.wessexhgpg.org.uk/Sites/SiteGuide/WhiteHorse.pdf
White Pike,54.47383,-3.090985,Lakes,https://t.me/joinchat/nexjPNs95rY4Yzk8,,,
Whiteless Pike,54.55924,-3.27151,Lakes,https://t.me/joinchat/nexjPNs95rY4Yzk8,,,
Whitesheet,51.01293,-2.09212,West,https://t.me/joinchat/xxEzm4aeX6dhNTJk,,,http://www.wessexhgpg.org.uk/Sites/SiteGuide/WhiteSheet.pdf
Whiteside,54.5864,-3.28691,Lakes,https://t.me/joinchat/nexjPNs95rY4Yzk8,,,
Whitestones,54.3809,-2.56474,Pennines & Dales,https://t.me/joinchat/NcCY7NcPJ3lkMTZk,,,http://www.cumbriasoaringclub.co.uk/SiteManagement/CSC_Specific_Site.php?site=WHS
Whitewool,50.97898,-1.075675,South East,https://t.me/joinchat/GOaWSlE5YAswZjc0,,,http://skysurfingclub.co.uk/sites-guide/
Widgery Cross,50.65193,-4.06855,South West,https://t.me/joinchat/yg6UPwjHlFNhOGVk,,,
Windbank,54.12924,-2.05327,Pennines & Dales,https://t.me/joinchat/NcCY7NcPJ3lkMTZk,,,
Winter Hill,53.62974,-2.513545,Pennines & Dales,https://t.me/joinchat/NcCY7NcPJ3lkMTZk,,,http://www.penninesoaringclub.org.uk/sites/winter-hill/
Wolf Crags,54.5922,-2.986195,Lakes,https://t.me/joinchat/nexjPNs95rY4Yzk8,,,http://www.cumbriasoaringclub.co.uk/SiteManagement/CSC_Specific_Site.php?site=WFC
Woolacombe,51.15888,-4.20607,South West,https://t.me/joinchat/yg6UPwjHlFNhOGVk,,,https://ndhpc.co.uk/sites_guide/woolacombe_site_guide
Worcester Beacon,52.10445,-2.3394,West,https://t.me/joinchat/xxEzm4aeX6dhNTJk,,,http://www.joomla.malvern-hang.org.uk/index.php/beacon
Wrekin,52.66943,-2.55195,Mid Wales & Mynd,https://t.me/joinchat/RuC0kVJ1ygY2OTY8,,,http://www.longmynd.org/?page_id=292
Wrynose,54.41832,-3.1118,Lakes,https://t.me/joinchat/nexjPNs95rY4Yzk8,,,http://www.cumbriasoaringclub.co.uk/SiteManagement/CSC_Specific_Site.php?site=WYP
Xclent,51.91455,-1.92412,West,https://t.me/joinchat/xxEzm4aeX6dhNTJk,TRUE,Tow site,
Yoke,54.450355,-2.86792,Lakes,https://t.me/joinchat/nexjPNs95rY4Yzk8,,,
Gargunnock,56.11127,-4.08335,South Scotland & Grampian,https://t.me/joinchat/WLIel5HDs6ViOThk,,,
Pule,53.5902168,-1.9534149,Pennines & Dales,https://t.me/joinchat/NcCY7NcPJ3lkMTZk,,Manually added,http://www.penninesoaringclub.org.uk/sites/pule-hill/
Holme Moss,53.5320572,-1.8554027,Pennines & Dales,https://t.me/joinchat/NcCY7NcPJ3lkMTZk,,Manually added,
Beddugre Hill,52.3207433,-3.3395227,Mid Wales & Mynd,https://t.me/joinchat/RuC0kVJ1ygY2OTY8,,Manually added,https://paraglidingwales.co.uk/general-information/beddugre-hill/
Tremaen,52.1550797,-3.350386,South Wales,https://t.me/joinchat/ksosguoLjyI0ZGFk,,Manually repaired,https://paraglidingwales.co.uk/general-information/tremaen/
Carn Brea,50.232397,-5.3880747,South West,https://t.me/joinchat/yg6UPwjHlFNhOGVk,,Manually added,https://www.khpa.co.uk/?page_id=91.html
Hayle Towans,50.210055,-5.4110687,South West,https://t.me/joinchat/yg6UPwjHlFNhOGVk,,Manually added,https://www.khpa.co.uk/?page_id=263.html
Chapel Porth,50.304673,-5.2321102,South West,https://t.me/joinchat/yg6UPwjHlFNhOGVk,TRUE,Manually added. Closed by National Trust.,https://www.khpa.co.uk/?page_id=97.html
Perranporth,50.360948,-5.1505369,South West,https://t.me/joinchat/yg6UPwjHlFNhOGVk,,Manually added,https://www.khpa.co.uk/?page_id=147.html
Sennen,50.078602,-5.6927941,South West,https://t.me/joinchat/yg6UPwjHlFNhOGVk,,Manually added,https://www.khpa.co.uk/?page_id=19.html
St Agnes,50.318383,-5.2300232,South West,https://t.me/joinchat/yg6UPwjHlFNhOGVk,TRUE,Manually added. Closed by National Trust.,https://www.khpa.co.uk/?page_id=157.html
Maker,50.340889,-4.1961917,South West,https://t.me/joinchat/yg6UPwjHlFNhOGVk,,Manually added,https://sdhgpc.org.uk/sites/maker
